,person_id_1,person_id_2,place_id,meeting_date
0,83,68,6,2021-02-05
1,98,2,29,2020-11-06
2,37,85,19,2021-07-23
3,29,56,77,2021-03-12
4,76,85,11,2021-08-31
5,56,39,65,2021-05-05
6,31,36,5,2021-08-12
7,23,46,10,2021-05-26
8,87,100,60,2021-04-27
9,55,60,90,2021-01-07
10,46,96,67,2021-10-08
11,24,88,81,2021-03-28
12,24,43,4,2021-01-06
13,27,92,45,2021-10-04
14,7,31,10,2021-07-11
15,59,94,73,2021-05-29
16,77,22,42,2021-03-30
17,100,86,61,2021-10-19
18,28,25,14,2021-10-28
19,86,42,80,2021-05-27
20,59,76,32,2021-05-27
21,89,62,41,2021-07-31
22,70,37,3,2021-05-09
23,21,40,55,2021-08-02
24,41,40,47,2021-10-13
25,49,49,48,2021-10-30
26,62,70,67,2020-12-11
27,9,12,44,2020-11-03
28,70,50,18,2021-09-09
29,81,30,74,2021-10-18
30,54,18,38,2020-11-22
31,30,13,87,2021-08-15
32,31,27,7,2021-09-25
33,88,89,93,2021-01-28
34,5,94,49,2021-08-14
35,43,51,91,2021-10-05
36,8,99,13,2020-12-03
37,94,6,63,2021-05-28
38,98,78,51,2021-03-28
39,68,6,22,2021-06-25
40,55,94,65,2021-05-24
41,16,60,99,2021-07-03
42,37,8,24,2021-01-10
43,37,43,50,2021-09-24
44,23,35,98,2021-05-31
45,14,26,15,2021-09-20
46,100,15,83,2020-11-16
47,43,40,66,2020-11-06
48,22,97,11,2020-12-16
49,89,34,4,2021-06-28
50,89,76,55,2021-02-01
51,3,80,69,2021-04-23
52,27,93,42,2021-03-17
53,69,34,89,2021-01-29
54,4,44,28,2021-03-05
55,4,98,29,2021-02-12
56,4,62,21,2021-10-10
57,42,21,9,2021-04-18
58,36,42,34,2021-08-26
59,62,98,32,2020-12-26
60,50,95,90,2021-03-24
61,80,52,97,2021-09-24
62,18,82,78,2021-03-05
63,6,46,12,2021-08-26
64,37,2,67,2020-12-05
65,73,78,61,2021-09-10
66,54,7,61,2021-08-14
67,90,95,29,2021-09-11
68,55,83,48,2021-10-26
69,37,6,45,2020-12-04
70,16,100,50,2021-08-16
71,27,55,72,2021-07-09
72,57,44,78,2020-11-22
73,13,83,1,2021-10-20
74,40,79,82,2021-06-25
75,29,81,48,2021-07-10
76,72,87,20,2020-10-27
77,5,90,1,2021-01-08
78,14,54,50,2021-05-19
79,72,43,22,2021-06-17
80,69,20,3,2021-06-02
81,94,31,22,2021-01-23
82,71,66,84,2021-03-23
83,11,56,63,2021-07-11
84,92,77,74,2021-10-06
85,43,66,6,2021-10-10
86,40,52,93,2021-03-22
87,73,5,51,2021-09-10
88,72,78,71,2021-04-06
89,9,36,25,2020-11-15
90,6,40,46,2021-09-11
91,100,69,46,2020-12-09
92,85,50,42,2021-09-27
93,24,43,89,2021-03-24
94,4,1,69,2021-04-08
95,88,61,64,2021-07-30
96,89,22,81,2021-03-25
97,17,6,59,2021-01-03
98,25,38,50,2021-10-19
99,53,89,18,2021-05-24
